<?xml version="1.0" encoding="utf-8"?>
<song createdIn="python3.6 and xmlwitch" modifiedDate="2018-07-29T23:59:59" version="0.8" xmlns="http://openlyrics.info/namespace/2009/song">
  <properties>
    <titles>
      <title>'Tis so sweet to trust in Jesus</title>
    </titles>
    <verseOrder>v1 c1 v2 c1 v3 c1 v4 c1</verseOrder>
    <authors>
      <author>Louisa M.</author>
    </authors>
    <songbooks>
      <songbook entry="122" name="Watchman (HSCF)" />
    </songbooks>
  </properties>
  <lyrics>
    <verse name="v1">
      <lines>'Tis so sweet to trust in Jesus,
And to take Him at His Word;
Just to rest upon His promise,
And to know, Thus says the Lord!</lines>
    </verse>
    <verse name="c1">
      <lines>Jesus, Jesus, how I trust Him!
How I've proved Him o'er and o'er
Jesus, Jesus, precious Jesus!
O for grace to trust Him more!</lines>
    </verse>
    <verse name="v2">
      <lines>O how sweet to trust in Jesus,
Just to trust His cleansing blood;
And in simple faith to plunge me
'Neath the healing, cleansing flood!</lines>
    </verse>
    <verse name="v3">
      <lines>Yes, 'tis sweet to trust in Jesus,
Just from sin and self to cease;
Just from Jesus simply taking
Life and rest, and joy and peace.</lines>
    </verse>
    <verse name="v4">
      <lines>I'm so glad I learned to trust Thee,
Precious Jesus, Savior, friend;
And I know that Thou art with me,
Wilt be with me to the end.</lines>
    </verse>
  </lyrics>
</song>