<?xml version="1.0" encoding="utf-8"?>
<song createdIn="python3.6 and xmlwitch" modifiedDate="2018-07-29T23:59:59" version="0.8" xmlns="http://openlyrics.info/namespace/2009/song">
  <properties>
    <titles>
      <title>A mighty fortress</title>
    </titles>
    <verseOrder>v1 v2 v3 v4</verseOrder>
    <authors>
      <author>Unknown</author>
    </authors>
    <songbooks>
      <songbook entry="21" name="Watchman (HSCF)" />
    </songbooks>
  </properties>
  <lyrics>
    <verse name="v1">
      <lines>A mighty fortress is our God,
A bulwark never failing;
Our helper he, amid the flood
Of mortal ills prevailing.
For still our ancient foe
Does seek to work us woe;
His craft and power are great,
And armed with cruel hate,
On earth is not his equal.</lines>
    </verse>
    <verse name="v2">
      <lines>Did we in our own strength confide,
our striving would be losing,
were not the right Man on our side,
the Man of God's own choosing.
You ask who that may be?
Christ Jesus, it is he;
Lord Sabaoth his name,
from age to age the same;
and he must win the battle.</lines>
    </verse>
    <verse name="v3">
      <lines>And though this world, with devils filled,
should threaten to undo us,
we will not fear, for God has willed
his truth to triumph through us.
The prince of darkness grim,
we tremble not for him;
his rage we can endure,
for lo! his doom is sure;
one little word shall fell him.</lines>
    </verse>
    <verse name="v4">
      <lines>That Word above all earthly powers
no thanks to them abideth;
the Spirit and the gifts are ours
through him who with us sideth.
Let goods and kindred go,
this mortal life also;
the body they may kill:
God's truth abideth still;
his kingdom is forever! </lines>
    </verse>
  </lyrics>
</song>