<?xml version="1.0" encoding="utf-8"?>
<song createdIn="python3.6 and xmlwitch" modifiedDate="2018-07-29T23:59:59" version="0.8" xmlns="http://openlyrics.info/namespace/2009/song">
  <properties>
    <titles>
      <title>A shelter in the time of storm</title>
    </titles>
    <verseOrder>v1 c1 v2 c1 v3 c1 v4 c1</verseOrder>
    <authors>
      <author>Unknown</author>
    </authors>
    <songbooks>
      <songbook entry="153" name="Watchman (HSCF)" />
    </songbooks>
  </properties>
  <lyrics>
    <verse name="v1">
      <lines>The Lord’s our rock, in Him we hide,
A shelter in the time of storm;
Secure whatever ill betide,
A shelter in the time of storm.</lines>
    </verse>
    <verse name="c1">
      <lines>Oh, Jesus is a rock in a weary land,
A weary land, a weary land;
Oh, Jesus is a rock in a weary land,
A shelter in the time of storm.</lines>
    </verse>
    <verse name="v2">
      <lines>A shade by day, defense by night,
A shelter in the time of storm;
No fears alarm, no foes afright,
A shelter in the time of storm.</lines>
    </verse>
    <verse name="v3">
      <lines>The raging storms may round us beat,
A shelter in the time of storm
We’ll never leave our safe retreat,
A Shelter in the time of storm.</lines>
    </verse>
    <verse name="v4">
      <lines>O rock divine, O refuge dear,
A shelter in the time of storm;
Be Thou our helper ever near,
A Shelter in the time of storm.</lines>
    </verse>
  </lyrics>
</song>