<?xml version="1.0" encoding="utf-8"?>
<song createdIn="python3.6 and xmlwitch" modifiedDate="2018-07-29T23:59:59" version="0.8" xmlns="http://openlyrics.info/namespace/2009/song">
  <properties>
    <titles>
      <title>Abide with me</title>
    </titles>
    <verseOrder>v1 v2 v3 v4 v5</verseOrder>
    <authors>
      <author>Unknown</author>
    </authors>
    <songbooks>
      <songbook entry="255" name="Watchman (HSCF)" />
    </songbooks>
  </properties>
  <lyrics>
    <verse name="v1">
      <lines>Abide with me: fast falls the eventide; 
the darkness deepens; Lord, with me abide. 
When other helpers fail and comforts flee, 
Help of the helpless, O abide with me. </lines>
    </verse>
    <verse name="v2">
      <lines>Swift to its close ebbs out life's little day; 
earth's joys grow dim, its glories pass away. 
Change and decay in all around I see. 
O Lord who changes not, abide with me. </lines>
    </verse>
    <verse name="v3">
      <lines>I need your presence every passing hour. 
What but your grace can foil the tempter's power? 
Who like yourself my guide and strength can be? 
Through cloud and sunshine, O abide with me. </lines>
    </verse>
    <verse name="v4">
      <lines>I fear no foe with you at hand to bless, 
though ills have weight, and tears their bitterness. 
Where is death's sting? Where, grave, your victory? 
I triumph still, if you abide with me. </lines>
    </verse>
    <verse name="v5">
      <lines>Hold now your Word before my closing eyes. 
Shine through the gloom and point me to the skies. 
Heaven's morning breaks and earth's vain shadows flee; 
in life, in death, O Lord, abide with me. </lines>
    </verse>
  </lyrics>
</song>