<?xml version="1.0" encoding="utf-8"?>
<song createdIn="python3.6 and xmlwitch" modifiedDate="2018-07-29T23:59:59" version="0.8" xmlns="http://openlyrics.info/namespace/2009/song">
  <properties>
    <titles>
      <title>All hail the power of Jesus name</title>
    </titles>
    <verseOrder>v1 v2 v3 v4 v5 v6</verseOrder>
    <authors>
      <author>Edward Perronet.</author>
    </authors>
    <songbooks>
      <songbook entry="17" name="Watchman (HSCF)" />
    </songbooks>
  </properties>
  <lyrics>
    <verse name="v1">
      <lines>All hail the power of Jesus' name! 
Let angels prostrate fall;
Bring forth the royal diadem, 
And crown Him Lord of all.</lines>
    </verse>
    <verse name="v2">
      <lines>Crown Him, ye martyrs of your God, 
Who from His altar call;
Extol the Stem of Jesse's Rod, 
And crown Him Lord of all.</lines>
    </verse>
    <verse name="v3">
      <lines>Ye chosen seed of Israel's race, 
Ye ransomed from the fall,
Hail Him who saves you by His grace, 
And crown Him Lord of all.</lines>
    </verse>
    <verse name="v4">
      <lines>Ye Gentile sinners, ne'er forget
The wormwood and the gall;
Go, spread your trophies at His feet,
And crown Him Lord of all</lines>
    </verse>
    <verse name="v5">
      <lines>Let ev'ry kindred, ev'ry tribe,
On this terrestrial ball,
To Him all majesty ascribe
And crown Him Lord of all.</lines>
    </verse>
    <verse name="v6">
      <lines>O that with yonder sacred throng
We at His may fall;
We'll join the everlasting song,
And crown Him Lord of all;</lines>
    </verse>
  </lyrics>
</song>