<?xml version="1.0" encoding="utf-8"?>
<song createdIn="python3.6 and xmlwitch" modifiedDate="2018-07-29T23:59:59" version="0.8" xmlns="http://openlyrics.info/namespace/2009/song">
  <properties>
    <titles>
      <title>All is well</title>
    </titles>
    <verseOrder>v1 v2 v3</verseOrder>
    <authors>
      <author>Unknown</author>
    </authors>
    <songbooks>
      <songbook entry="117" name="Watchman (HSCF)" />
    </songbooks>
  </properties>
  <lyrics>
    <verse name="v1">
      <lines>Through the love of God our Savior,
All will be well;
Free and changeless is His favor;
All, all is well.
Precious is the blood that healed us;
Perfect is the grace that sealed us;
Strong the hand stretched out to shield us;
All must be well.</lines>
    </verse>
    <verse name="v2">
      <lines>Though we pass through tribulation,
All will be well;
Ours is such a full salvation;
All, all is well.
Happy still in God confiding,
Fruitful, if in Christ abiding,
Holy through the Spirit’s guiding,
All must be well.</lines>
    </verse>
    <verse name="v3">
      <lines>We expect a bright tomorrow;
All will be well;
Faith can sing through days of sorrow,
All, all is well.
On our Father’s love relying,
Jesus every need supplying,
Or in living, or in dying,
All must be well.</lines>
    </verse>
  </lyrics>
</song>