<?xml version='1.0' encoding='UTF-8'?>
<song xmlns="http://openlyrics.info/namespace/2009/song" version="0.8" createdIn="OpenLP 3.1.5" modifiedIn="OpenLP 3.1.5" modifiedDate="2025-06-03T16:58:14">
  <properties>
    <titles>
      <title>Be ye doers of the word</title>
    </titles>
    <verseOrder>v1 c1 v2 c1 v3 c1 v4 c1</verseOrder>
    <authors>
      <author>Unknown</author>
    </authors>
    <songbooks>
      <songbook name="Watchman (HSCF)" entry="49"/>
    </songbooks>
    <themes>
      <theme>The Word of God</theme>
    </themes>
  </properties>
  <lyrics>
    <verse name="v1">
      <lines>Out of James one twenty-two<br/>Comes a call for Juniors true.<br/>Who will live for Christ the risen Lord:<br/>Listen to this trumpet call<br/>Ringing out to one and all,<br/>"Be ye doers of the Word"</lines>
    </verse>
    <verse name="c1">
      <lines>"Be ye doers of the Word,<br/>Be ye doers of the Word,<br/>Be ye doers of the Word,<br/>And not hearers, not hearers only,<br/>Be ye doers of the Word"</lines>
    </verse>
    <verse name="v2">
      <lines>We would strive for Christ to live;<br/>Time and talents we would give;<br/>We would follow Jesus all the way:<br/>Tithes and offerings wee would bring;<br/>We would work and pray and sing<br/>For the Master every day.</lines>
    </verse>
    <verse name="v3">
      <lines>Kind to others we would be,<br/>Jesus likeness they would see;<br/>We would keep our bodies clean and strong:<br/>We would strive in school and play<br/>To learn lessons and obey,<br/>Live for right and conquer wrong.</lines>
    </verse>
    <verse name="v4">
      <lines>Let us serve with all our might;<br/>Let us stand for truth and right,<br/>Always living for the risen Lord:<br/>Come and join our happy throng;<br/>Sing with us our joyous song,<br/>"Be ye doers of the Word"</lines>
    </verse>
  </lyrics>
</song>
