<?xml version='1.0' encoding='UTF-8'?>
<song xmlns="http://openlyrics.info/namespace/2009/song" version="0.8" createdIn="OpenLP 3.1.5" modifiedIn="OpenLP 3.1.5" modifiedDate="2025-06-03T16:57:43">
  <properties>
    <titles>
      <title>Christ arose</title>
    </titles>
    <verseOrder>v1 c1 v2 c1 v3 c1</verseOrder>
    <authors>
      <author>Unknown</author>
    </authors>
    <songbooks>
      <songbook name="Watchman (HSCF)" entry="37"/>
    </songbooks>
    <themes>
      <theme>The Lord Jesus Christ</theme>
    </themes>
  </properties>
  <lyrics>
    <verse name="v1">
      <lines>Low in the grave He lay, Jesus my Savior,<br/>Waiting the coming day, Jesus my Lord!</lines>
    </verse>
    <verse name="c1">
      <lines>Up from the grave He arose,<br/>With a mighty triumph o’er His foes,<br/>He arose a victor from the dark domain,<br/>And He lives forever, with His saints to reign.<br/>He arose! He arose!<br/>Hallelujah! Christ arose!</lines>
    </verse>
    <verse name="v2">
      <lines>Vainly they watch His bed, Jesus my Savior;<br/>Vainly they seal the dead, Jesus my Lord!</lines>
    </verse>
    <verse name="v3">
      <lines>Death cannot keep its prey, Jesus my Savior;<br/>He tore the bars away, Jesus my Lord!</lines>
    </verse>
  </lyrics>
</song>
