<?xml version='1.0' encoding='UTF-8'?>
<song xmlns="http://openlyrics.info/namespace/2009/song" version="0.8" createdIn="OpenLP 3.1.5" modifiedIn="OpenLP 3.1.5" modifiedDate="2025-06-03T16:58:28">
  <properties>
    <titles>
      <title>Give me the bible</title>
    </titles>
    <verseOrder>v1 c1 v2 c1 v3 c1 v4 c1</verseOrder>
    <authors>
      <author>Priscilla J.</author>
    </authors>
    <songbooks>
      <songbook name="Watchman (HSCF)" entry="43"/>
    </songbooks>
    <themes>
      <theme>Repentance, Grace and Forgiveness</theme>
    </themes>
  </properties>
  <lyrics>
    <verse name="v1">
      <lines>Give me the Bible, star of gladness gleaming,<br/>To cheer the wand'rer lone and tempest tossed;<br/>No storm can hide that radiance peaceful beaming,<br/>Since Jesus came to seek and save the lost.</lines>
    </verse>
    <verse name="c1">
      <lines>Give me the Bible, holy message shining;<br/>Thy light shall guide me in the narrow way;<br/>Precept and promise, law and love combining,<br/>Till night shall vanish in eternal day.</lines>
    </verse>
    <verse name="v2">
      <lines>Give me the Bible, when my heart is broken,<br/>When sin and grief have filled my soul with fear;<br/>Give me the precious words by Jesus spoken,<br/>Hold up faith's lamp to show my Savior near.</lines>
    </verse>
    <verse name="v3">
      <lines>Give me the Bible, all my steps enlighten,<br/>Teach me the danger of these realms below;<br/>That lamp of safety o'er the gloom shall brighten,<br/>That light alone the path of peace can show.</lines>
    </verse>
    <verse name="v4">
      <lines>Give me the Bible, lamp of life immortal,<br/>Hold up that splendor by the open grave;<br/>Show me the light from Heaven's shining portal,<br/>Show me the glory gilding Jordan's wave.</lines>
    </verse>
  </lyrics>
</song>
