<?xml version='1.0' encoding='UTF-8'?>
<song xmlns="http://openlyrics.info/namespace/2009/song" version="0.8" createdIn="OpenLP 3.1.5" modifiedIn="OpenLP 3.1.5" modifiedDate="2025-01-12T13:51:52">
  <properties>
    <titles>
      <title>Oh for a thousand tongues to sing</title>
    </titles>
    <comments>
      <comment>Charles Wesley, M.A. was the great hymn-writer of the Wesley family, perhaps, taking quantity and quality into consideration, the great hymn-writer of all ages. Charles Wesley was the youngest son and 18th child of Samuel and Susanna Wesley, and was born at Epworth Rectory, Dec. 18, 1707. In 1716 he went to Westminster School, being provided with a home and board by his elder brother Samuel, then usher at the school, until 1721, when he was elected King's Scholar, and as such received his board and education free. In 1726 Charles Wesley was elected to a Westminster studentship at Christ Church, Oxford, where he took his degree in 1729, and became a college tutor. </comment>
    </comments>
    <verseOrder>v1 v2 v3 v4 v5 v6</verseOrder>
    <authors>
      <author type="words">Charles Wesley</author>
      <author type="music">Charles Wesley</author>
    </authors>
    <songbooks>
      <songbook name="Watchamn Hymnbook" entry="1"/>
    </songbooks>
    <themes>
      <theme>Worship &amp; Thanksgiving</theme>
    </themes>
  </properties>
  <lyrics>
    <verse name="v1">
      <lines>Oh for a thousand tongues to sing<br/>My great Redeemer's praise<br/>The glories of my God and King,<br/>The triumphs of His grace.</lines>
    </verse>
    <verse name="v2">
      <lines>My gracious Master and my God,<br/>Assist me to proclaim,<br/>To spread thro' all the earth abroad<br/>The honours of Thy name.</lines>
    </verse>
    <verse name="v3">
      <lines>Jesus! the Name that charms our fears,<br/>That bids our sorrows cease;<br/>'Tis music in the sinners ears,<br/>'Tis life, and health, and peace.</lines>
    </verse>
    <verse name="v4">
      <lines>He breaks the power of cancelled sin,<br/>He sets the prisoner free;<br/>His blood can make the foulest clean<br/>His blood availed for me.</lines>
    </verse>
    <verse name="v5">
      <lines>Hear Him, ye deaf; His praise ye dumb,<br/>Your loosened tongues employ;<br/>Ye blind, behold your Saviour come;<br/>And leap, ye lame, for joy.</lines>
    </verse>
    <verse name="v6">
      <lines>Glory to God and praise and love<br/>Be ever, ever giv'n<br/>By saints below and saints above-<br/>The church in earth and heav'n.</lines>
    </verse>
  </lyrics>
</song>
