<?xml version='1.0' encoding='UTF-8'?>
<song xmlns="http://openlyrics.info/namespace/2009/song" version="0.8" createdIn="OpenLP 3.1.5" modifiedIn="OpenLP 3.1.5" modifiedDate="2025-06-03T16:57:34">
  <properties>
    <titles>
      <title>There's no one like my savior</title>
    </titles>
    <verseOrder>v1 c1 v2 c1 v3 c1 v4 c1</verseOrder>
    <authors>
      <author>Eliza E.</author>
    </authors>
    <songbooks>
      <songbook name="Watchman (HSCF)" entry="35"/>
    </songbooks>
    <themes>
      <theme>The Lord Jesus Christ</theme>
    </themes>
  </properties>
  <lyrics>
    <verse name="v1">
      <lines>There's no one like my Savior,<br/>Of all who earth have trod,<br/>The altogether lovely,<br/>The image of our God.<br/>There's no one like my Savior,<br/>Among the angels bright;<br/>His glory theirs outshineth,<br/>As day outshineth night.</lines>
    </verse>
    <verse name="c1">
      <lines>Some day I shall be like Him,<br/>Immortal, glorified,<br/>And see Him robed in splendor,<br/>My Lord, once crucified.</lines>
    </verse>
    <verse name="v2">
      <lines>He found me a poor sinner,<br/>A lost, despairing one,<br/>If left without His mercy,<br/>For evermore undone.<br/>But oh, He had compassion!<br/>He took me by the hand,<br/>And said Thou art forgiven,<br/>My grace will help thee stand.</lines>
    </verse>
    <verse name="v3">
      <lines>With righteousness He clothed me,<br/>Creating me anew;<br/>And now my heart He sprinkles<br/>With Heav'n's refreshing dew.<br/>Oh, glory hallelujah!<br/>My will to His resigned,<br/>The Spirit is transforming<br/>My soul, and heart, and mind.</lines>
    </verse>
    <verse name="v4">
      <lines>And now the old, old story,<br/>I pant to tell abroad-<br/>The name and fame of Jesus,<br/>My king, my Lord, my God.<br/>Oh, come today, ye sinners,<br/>Come all with one accord;<br/>Renounce your sins forever<br/>And call upon the Lord.</lines>
    </verse>
  </lyrics>
</song>
