<?xml version='1.0' encoding='UTF-8'?>
<song xmlns="http://openlyrics.info/namespace/2009/song" version="0.8" createdIn="OpenLP 3.1.5" modifiedIn="OpenLP 3.1.5" modifiedDate="2025-01-12T13:57:06">
  <properties>
    <titles>
      <title>To God be the glory</title>
    </titles>
    <comments>
      <comment>Prodigious writer of hymn texts, Fanny J. Crosby (b. Putnam County, NY, 1820; d. Bridgeport, CT, 1915) wrote this hymn, which was first published with Doane's tune in Songs of Devotion (1870). This text and "Blessed Assurance" (490) are among the best-known and most-loved hymn texts of the thousands Crosby produced. Initially ignored in the United States, the hymn was sung in British churches after</comment>
    </comments>
    <verseOrder>v1 c1 v2 c1 v3 c1</verseOrder>
    <authors>
      <author type="words">Fanny Crosby</author>
      <author type="music">Fanny Crosby</author>
    </authors>
    <songbooks>
      <songbook name="Watchamn Hymnbook" entry="3"/>
    </songbooks>
    <themes>
      <theme>Worship &amp; Thanksgiving</theme>
    </themes>
  </properties>
  <lyrics>
    <verse name="v1">
      <lines>To God be the glory great things He hath done!<br/>So loved He the world that He gave us His son,<br/>Who yielded His life an atonement for sin,<br/>And opened the Life-gate that all may go in.</lines>
    </verse>
    <verse name="c1">
      <lines>Praise the Lord! Praise the Lord Let the earth hear His voice!<br/>Praise the Lord! Praise the Lord Let the people rejoice!<br/>Oh, come to the Father through Jesus the Son;<br/>And give Him the glory Great things He hath done.</lines>
    </verse>
    <verse name="v2">
      <lines>O perfect redemption, the purchase of blood!<br/>To every believer the promise of God;<br/>The vilest offender who truly believes,<br/>That moment from Jesus a pardon receives.</lines>
    </verse>
    <verse name="v3">
      <lines>Great things He hath taught us, great things He hath done,<br/>And great our rejoicing through Jesus the son;<br/>But purer, and higher, and greater will be<br/>Our wonder, our transport, when Jesus we see.</lines>
    </verse>
  </lyrics>
</song>
