<?xml version='1.0' encoding='UTF-8'?>
<song xmlns="http://openlyrics.info/namespace/2009/song" version="0.8" createdIn="OpenLP 3.1.5" modifiedIn="OpenLP 3.1.5" modifiedDate="2025-06-03T16:58:46">
  <properties>
    <titles>
      <title>Wonderful words of life</title>
    </titles>
    <verseOrder>v1 c1 v2 c1 v3 c1 v4 c1</verseOrder>
    <authors>
      <author>Philip P.</author>
    </authors>
    <songbooks>
      <songbook name="Watchman (HSCF)" entry="42"/>
    </songbooks>
    <themes>
      <theme>The Word of God</theme>
    </themes>
  </properties>
  <lyrics>
    <verse name="v1">
      <lines>Sing them over again to me, wonderful words of life,<br/>Let me more of their beauty see, wonderful words of life;<br/>Words of life and beauty teach me faith and duty.</lines>
    </verse>
    <verse name="c1">
      <lines>Beautiful words, wonderful words, wonderful words of life,<br/>Beautiful words, wonderful words, wonderful words of life.</lines>
    </verse>
    <verse name="v2">
      <lines>Christ, the blessèd One, gives to all wonderful words of life;<br/>Sinner, list to the loving call, wonderful words of life;<br/>All so freely given, wooing us to heaven.</lines>
    </verse>
    <verse name="v3">
      <lines>Sweetly echo the Gospel call, wonderful words of life;<br/>Offer pardon and peace to all, wonderful words of life;<br/>Jesus, only Savior, sanctify us forever.</lines>
    </verse>
    <verse name="v4">
      <lines>Our dear Saviour will come some day,<br/>Wonderful words of life;<br/>Come to rapture His Bride away,<br/>Wonderful words of life,<br/>Glory, glory, glory,<br/>Shout the wondrous story!</lines>
    </verse>
  </lyrics>
</song>
