<?xml version='1.0' encoding='UTF-8'?>
<song xmlns="http://openlyrics.info/namespace/2009/song" version="0.8" createdIn="OpenLP 3.1.5" modifiedIn="OpenLP 3.1.5" modifiedDate="2025-06-03T16:57:21">
  <properties>
    <titles>
      <title>Worthy is the Lamb</title>
    </titles>
    <verseOrder>v1 c1 v2 c1 v3 c1 v4 c1 v5 c1</verseOrder>
    <authors>
      <author>Unknown</author>
    </authors>
    <songbooks>
      <songbook name="Watchman (HSCF)" entry="36"/>
    </songbooks>
    <themes>
      <theme>The Lord Jesus Christ</theme>
    </themes>
  </properties>
  <lyrics>
    <verse name="v1">
      <lines>Worthy, worthy is the Lamb!<br/>Worthy, worthy is the Lamb!<br/>Worthy, worthy is the Lamb<br/>That was slain!</lines>
    </verse>
    <verse name="c1">
      <lines>Praise Him, hallelujah!<br/>Praise Him, hallelujah!<br/>Praise Him, hallelujah!<br/>Praise the Lamb!</lines>
    </verse>
    <verse name="v2">
      <lines>We the crown of life shall wear,<br/>We the palm of victory bear,<br/>All our Father’s blessings share<br/>In the Lamb.</lines>
    </verse>
    <verse name="v3">
      <lines>And when landed safe above,<br/>In the kingdom of His love,<br/>We shall all the fullness prove<br/>Of the Lamb.</lines>
    </verse>
    <verse name="v4">
      <lines>Now revive Thy work, O Lord,<br/>By Thy Spirit and Thy Word;<br/>Now revive Thy work, O Lord,<br/>Through the Lamb.</lines>
    </verse>
    <verse name="v5">
      <lines>Strike the stoutest sinner through,<br/>Start the cry, What must I do?<br/>Make him weep till born anew<br/>Through the Lamb.</lines>
    </verse>
  </lyrics>
</song>
